imperfections,ridules,rides
solaire,uv,protection
odeur,agréable,sent,parfum
boutons,camoufle,colle,rougeurs,pique,taches,pores
couvrant,couvrance,couvre
brillance,naturel,mine,effet,briller,lisse,matifie,teintée,brille,teint,unifie,éclat
pratique,utilisation,facile,application
couleur,teinte,belle,gamme
hydratante,hydratée,hydratation,hydrate,douce,hydratant,sensation
efficacité,parfait,résultat,satisfaite,qualité,efficace
pot,flacon,pompe,présentation,bouchon,tube,emballage
temps,tient,journée,dure,jours,jour
cher,chère,rapport,acheté,prix
mixtes,naturelle,sèche,sensible,peaux,peau,mixte,convient,grasse,grasses